id	clinical	type_variant	type_inheritance	n_cnv_syndromes	patho_cnv	nonpatho_cnv	disease_genes	disease_variants	embryo_mouse	maximum_pli	length_cnv
105	Unknown	Deletion	Unknown	0	19	1	5	99	3	100	4659808
106	Unknown	Deletion	De novo constitutive	1	34	15	3	18	0	74	227684
126	Unknown	Deletion	De novo constitutive	0	2	2	4	57	4	100	1076869
127	Pathogenic	Deletion	De novo constitutive	0	4	0	6	146	4	100	3162573
128	Pathogenic	Deletion	De novo constitutive	3	35	0	5	444	4	100	3772770
129	Unknown	Deletion	De novo constitutive	0	2	0	15	228	5	100	12096310
130	Unknown	Deletion	De novo constitutive	0	18	0	3	57	1	95	3718118
131	Unknown	Deletion	De novo constitutive	2	31	6	2	60	0	95	470414
132	Unknown	Deletion	Unknown	0	54	0	9	255	3	98	1255824
135	Pathogenic	Deletion	De novo constitutive	0	8	0	3	309	2	97	3933300
138	Unknown	Deletion	De novo constitutive	0	6	2	2	23	1	95	2817685
139	Unknown	Deletion	Unknown	0	2	4	0	2	0	96	497497
139	Unknown	Deletion	Unknown	0	8	0	9	135	1	97	5885286
140	Unknown	Deletion	Unknown	0	5	0	13	167	2	98	8796114
141	Unknown	Deletion	Unknown	0	13	5	2	30	0	96	777122
147	Unknown	Deletion	Unknown	0	2	1	9	114	3	94	4463610
184	Pathogenic	Deletion	De novo constitutive	0	3	0	32	839	10	99	12434019
221	Unknown	Duplication	De novo constitutive	0	10	0	5	145	1	99	10519104
306	Unknown	Duplication	De novo constitutive	3	40	1	10	375	8	97	3769170
308	Unknown	Deletion	De novo constitutive	0	3	1	0	24	1	78	994662
309	Unknown	Deletion	De novo constitutive	0	1	0	4	167	6	100	3306272
310	Unknown	Deletion	Inherited from normal parent	0	5	0	2	62	0	96	3759820
311	Unknown	Deletion	Inherited from normal parent	0	48	9	1	10	1	99	1603787
311	Unknown	Duplication	Inherited from normal parent	0	13	27	0	15	0	48	2497957
313	Unknown	Duplication	De novo constitutive	0	5	4	4	34	3	98	2345443
313	Unknown	Duplication	De novo constitutive	4	183	17	0	0	0	0	537
314	Unknown	Duplication	Inherited from normal parent	0	12	16	1	6	0	37	172334
318	Unknown	Deletion	Unknown	0	7	1	0	0	0	0	183271
318	Unknown	Deletion	Unknown	0	6	1	2	53	2	70	788781
320	Unknown	Duplication	Inherited from normal parent	0	14	1	3	45	1	96	3551485
323	Unknown	Deletion	De novo constitutive	2	31	6	2	60	0	95	470414
523	Pathogenic	Deletion	De novo constitutive	0	8	3	3	105	2	100	1188446
578	Unknown	Deletion	Unknown	0	6	41	0	8	0	0	193778
589	Unknown	Deletion	De novo constitutive	3	36	0	5	428	4	100	3646425
595	Unknown	Duplication	Inherited from normal parent	0	19	0	3	24	0	99	771851
596	Unknown	Duplication	Unknown	0	5	0	11	569	6	100	15028447
597	Unknown	Deletion	De novo constitutive	0	9	0	15	371	1	99	6724182
599	Unknown	Deletion	Unknown	1	7	32	0	0	1	46	190520
603	Unknown	Duplication	Inherited from normal parent	0	1	2	0	1	0	0	162801
605	Unknown	Deletion	Inherited from normal parent	3	33	12	3	262	0	80	779795
607	Unknown	Deletion	De novo constitutive	2	12	1	4	284	2	100	962365
608	Unknown	Duplication	Unknown	0	4	0	0	3	0	42	89158
610	Unknown	Duplication	De novo constitutive	0	33	9	3	113	0	93	6210255
610	Unknown	Deletion	Unknown	0	20	0	22	461	6	95	8196950
611	Unknown	Deletion	De novo constitutive	0	5	1	2	35	1	81	2102799
613	Unknown	Deletion	De novo constitutive	0	5	0	2	77	0	96	3434630
614	Unknown	Duplication	Unknown	1	42	162	0	0	0	54	179095
614	Unknown	Duplication	Inherited from normal parent	1	13	7	0	0	0	0	151998
614	Unknown	Duplication	Unknown	0	0	41	1	24	1	60	129827
614	Unknown	Deletion	Unknown	0	2	77	0	2	0	3	118627
615	Unknown	Duplication	Inherited from normal parent	0	2	13	1	19	1	82	145063
618	Unknown	Duplication	Unknown	0	2	50	0	0	0	0	516
618	Unknown	Duplication	Unknown	0	0	92	1	5	0	21	86896
618	Unknown	Deletion	Unknown	2	5	7	2	0	0	0	2640596
622	Unknown	Deletion	De novo constitutive	5	179	14	6	55	2	98	1351714
624	Unknown	Deletion	Inherited from normal parent	0	2	26	0	0	0	0	190769
625	Unknown	Deletion	De novo constitutive	0	5	0	6	108	1	99	3129336
626	Unknown	Deletion	Unknown	3	32	64	1	47	0	95	126314
626	Unknown	Duplication	Unknown	0	0	14	5	166	1	81	168809
627	Unknown	Duplication	Inherited from normal parent	1	29	6	0	35	0	68	101031
630	Unknown	Deletion	De novo constitutive	0	2	0	6	263	2	99	9382449
631	Unknown	Deletion	De novo constitutive	0	12	0	2	53	0	84	1193940
632	Unknown	Deletion	De novo constitutive	3	39	1	8	213	6	97	2892281
633	Unknown	Duplication	De novo constitutive	1	12	25	0	1	0	39	140596
634	Unknown	Duplication	De novo constitutive	0	0	2	1	11	0	57	118506
635	Unknown	Duplication	Unknown	0	6	0	20	433	8	100	7461202
636	Unknown	Duplication	Inherited from normal parent	3	30	11	4	31	3	100	781766
637	Unknown	Deletion	Inherited from normal parent	4	101	60	0	2	1	87	178572
638	Unknown	Deletion	Inherited from normal parent	0	2	27	2	33	1	96	171528
639	Unknown	Deletion	Inherited from normal parent	1	20	9	0	2	0	62	149251
640	Unknown	Deletion	Inherited from parent with similar phenotype to child	0	0	27	0	0	0	0	172324
641	Unknown	Duplication	Inherited from normal parent	2	32	6	2	57	1	87	143193
644	Unknown	Duplication	Inherited from normal parent	0	4	20	0	0	0	0	122905
645	Unknown	Deletion	De novo constitutive	0	15	0	5	147	2	91	3380152
646	Unknown	Deletion	Unknown	3	132	12	2	5	1	85	179750
647	Unknown	Duplication	Unknown	4	183	17	0	0	0	0	537
648	Unknown	Deletion	Unknown	1	20	7	1	4	1	92	143080
648	Unknown	Duplication	Unknown	4	183	17	0	0	0	0	537
649	Unknown	Duplication	Unknown	0	3	1	1	10	1	96	173876
652	Unknown	Deletion	Unknown	0	11	28	0	1	0	0	116640
748	Unknown	Duplication	De novo constitutive	6	112	3	5	249	0	100	3121502
749	Unknown	Deletion	De novo constitutive	0	3	1	3	41	0	80	1949099
750	Unknown	Duplication	Unknown	0	2	15	0	0	0	0	191229
752	Unknown	Deletion	De novo constitutive	0	11	15	0	0	0	0	156855
753	Unknown	Deletion	De novo constitutive	0	3	0	17	598	4	98	15286774
754	Unknown	Deletion	De novo constitutive	3	76	1	10	141	5	100	2983063
757	Unknown	Deletion	Unknown	0	1	0	7	95	3	94	1010938
758	Unknown	Deletion	Unknown	0	8	1	4	95	1	96	708515
761	Unknown	Deletion	Unknown	0	5	0	13	338	5	97	5034353
762	Unknown	Deletion	Unknown	3	39	0	13	404	10	97	4909107
766	Unknown	Duplication	Unknown	6	109	5	7	273	1	100	5571172
767	Unknown	Duplication	De novo constitutive	0	25	0	50	1028	13	100	20416050
767	Unknown	Duplication	De novo constitutive	0	6	0	13	411	4	100	11484226
767	Unknown	Deletion	De novo constitutive	0	5	0	10	838	3	100	5466761
768	Unknown	Duplication	Inherited from normal parent	4	183	17	0	0	0	0	537
770	Unknown	Deletion	Inherited from normal parent	0	2	11	0	0	0	0	827
771	Unknown	Deletion	De novo constitutive	0	10	0	18	223	8	99	3025908
771	Unknown	Duplication	De novo constitutive	0	7	0	13	315	5	100	3475510
773	Unknown	Deletion	Inherited from normal parent	2	23	29	0	5	1	99	1078826
773	Unknown	Deletion	Inherited from normal parent	0	3	1	2	84	0	99	6843780
